patient,ward,day,instance
patient0,TRH,0,s0m0.dat
patient1,THO,2,s0m0.dat
patient2,TRH,0,s0m0.dat
patient3,ABD,0,s0m0.dat
patient4,ABD,1,s0m0.dat
patient5,RHK,2,s0m0.dat
patient6,RHK,3,s0m0.dat
patient7,ABD,3,s0m0.dat
patient8,ABD,3,s0m0.dat
patient9,THO,6,s0m0.dat
patient10,ABD,4,s0m0.dat
patient11,THO,4,s0m0.dat
patient12,TRH,5,s0m0.dat
patient13,RHK,5,s0m0.dat
patient14,TRH,5,s0m0.dat
patient15,THO,6,s0m0.dat
patient16,THO,6,s0m0.dat
patient17,THO,6,s0m0.dat
patient18,ABD,6,s0m0.dat
patient19,ABD,6,s0m0.dat
patient20,RHK,6,s0m0.dat
patient21,RHK,0,s0m0.dat
patient22,TRH,0,s0m0.dat
patient23,THO,0,s0m0.dat
patient24,TRH,0,s0m0.dat
patient25,ABD,1,s0m0.dat
patient26,THO,2,s0m0.dat
patient27,ABD,0,s0m0.dat
patient28,ABD,1,s0m0.dat
patient29,THO,1,s0m0.dat
patient30,ABD,2,s0m0.dat
patient31,ABD,3,s0m0.dat
patient32,RHK,3,s0m0.dat
patient33,THO,5,s0m0.dat
patient34,ABD,4,s0m0.dat
patient35,THO,3,s0m0.dat
patient36,RHK,4,s0m0.dat
patient37,THO,4,s0m0.dat
patient38,TRH,4,s0m0.dat
patient39,RHK,4,s0m0.dat
patient40,TRH,4,s0m0.dat
patient41,TRH,5,s0m0.dat
patient42,ABD,5,s0m0.dat
patient43,ABD,5,s0m0.dat
patient44,TRH,6,s0m0.dat
patient45,RHK,6,s0m0.dat
patient46,THO,6,s0m0.dat
patient47,THO,6,s0m0.dat
patient48,ABD,6,s0m0.dat
patient49,ABD,6,s0m0.dat
patient50,THO,0,s0m0.dat
patient51,RHK,2,s0m0.dat
patient52,RHK,0,s0m0.dat
patient53,THO,1,s0m0.dat
patient54,THO,1,s0m0.dat
patient55,THO,2,s0m0.dat
patient56,THO,1,s0m0.dat
patient57,THO,1,s0m0.dat
patient58,THO,1,s0m0.dat
patient59,RHK,2,s0m0.dat
patient60,TRH,2,s0m0.dat
patient61,THO,2,s0m0.dat
patient62,TRH,2,s0m0.dat
patient63,ABD,2,s0m0.dat
patient64,RHK,2,s0m0.dat
patient65,ABD,5,s0m0.dat
patient66,TRH,3,s0m0.dat
patient67,THO,6,s0m0.dat
patient68,THO,3,s0m0.dat
patient69,TRH,3,s0m0.dat
patient70,ABD,4,s0m0.dat
patient71,TRH,3,s0m0.dat
patient72,RHK,4,s0m0.dat
patient73,RHK,4,s0m0.dat
patient74,ABD,4,s0m0.dat
patient75,THO,4,s0m0.dat
patient76,RHK,5,s0m0.dat
patient77,TRH,5,s0m0.dat
patient78,ABD,5,s0m0.dat
patient79,TRH,5,s0m0.dat
patient80,RHK,5,s0m0.dat
patient81,TRH,6,s0m0.dat
patient82,ABD,6,s0m0.dat
patient83,ABD,6,s0m0.dat
patient84,RHK,6,s0m0.dat
patient85,ABD,6,s0m0.dat
patient86,ABD,6,s0m0.dat
patient87,ABD,6,s0m0.dat
patient88,TRH,6,s0m0.dat
patient89,THO,6,s0m0.dat
patient90,ABD,6,s0m0.dat
patient91,RHK,0,s0m0.dat
patient92,TRH,0,s0m0.dat
patient93,TRH,0,s0m0.dat
patient94,TRH,6,s0m0.dat
patient95,TRH,1,s0m0.dat
patient96,RHK,1,s0m0.dat
patient97,THO,1,s0m0.dat
patient98,RHK,4,s0m0.dat
patient99,TRH,2,s0m0.dat
patient100,THO,2,s0m0.dat
patient101,ABD,2,s0m0.dat
patient102,TRH,3,s0m0.dat
patient103,TRH,3,s0m0.dat
patient104,THO,3,s0m0.dat
patient105,THO,4,s0m0.dat
patient106,TRH,5,s0m0.dat
patient107,THO,4,s0m0.dat
patient108,THO,4,s0m0.dat
patient109,THO,4,s0m0.dat
patient110,THO,4,s0m0.dat
patient111,ABD,5,s0m0.dat
patient112,RHK,5,s0m0.dat
patient113,TRH,5,s0m0.dat
patient114,THO,6,s0m0.dat
patient115,ABD,6,s0m0.dat
patient116,THO,6,s0m0.dat
